turkish,english
bir,One
bu,This 
ve,And
ne,What
için,for  
mi,is it
ben,I
çok,A lot
de,also
ama,But
var,there is
evet,Yes
mı,is it
değil,not
hayır,No
şey,thing
da,in
sen,you
daha,more
bana,To me
kadar,much
bunu,this
onu,him-her-it
tamam,Ok
seni,You
beni,Me
iyi,Good
yok,no
gibi,like
benim,Mine
her,each
sana,to you
ki,that
sadece,Only
neden,From where
senin,your
burada,Here
zaman,time
olduğunu,that
nasıl,How
hiç,none
şimdi,Now
sonra,later
en,-most
mu,is it
misin,will you
şu,This
ya,or
öyle,like that
biraz,A little
önce,before
musun,are you
güzel,Beautiful
hadi,Come on
ona,him
İyi,Good
oldu,happened
bak,look
lütfen,Please
yani,well
böyle,like this
geri,back
eğer,if
bile,even    
onun,her
istiyorum,I want
çünkü,Because
biliyorum,I know
gerçekten,Really
artık,Now
belki,maybe
peki,Alright
kim,who
hey,Hey
başka,Another
tek,only
doğru,TRUE
bay,Mr
olarak,aspect
büyük,big
buraya,here
biri,someone
tanrım,God
olan,the one which...
sanırım,I think
adam,man
olacak,will be
olur,It is possible
yardım,help
demek,means
hiçbir,no
bilmiyorum,I don't know
efendim,Sir
nerede,where
bunun,this
biz,We
teşekkürler,thanks
ile,with
orada,there
merhaba,Hello
et,meat
fazla,more
İşte,At work
yeni,new
kötü,bad
biliyor,he knows
gece,night
gün,day
harika,Wonderful
tüm,all
ederim,thank you
son,end
bütün,all
haydi,lets
iki,two
şeyi,thing
şeyler,things
tam,full
sorun,problem
üzgünüm,I am sad
hemen,immediately
ol,be
olsun,let it be
küçük,Small
siz,you
onları,Them 
size,to you
oh,oh
gerek,necessary
hakkında,about
ver,give
gel,come
olabilir,it could be
devam,continue
aynı,same
diye,saying
kız,girl
bize,to us
bizi,we
buna,this
teşekkür,Thanks
bayan,woman
pekala,ok
kendi,own
oluyor,is happening
izin,permission
tabii,of course
iş,work
sizi,you
yüzden,so
kimse,noone
lanet,curse
dur,Stop
hala,still
git,go
seninle,With you
selam,hi
dostum,my friend
asla,never
mısın,will you
değilim,I am not
önemli,important
baba,father
içinde,inside
tekrar,again
mü,is it
bizim,ours
benimle,with me 
söyle,Like this
göre,according to
vardı,there
anne,mom
aslında,Actually
dakika,minute
geldi,came
biliyorsun,you know
yoksa,or?
üç,fly
özür,apology
al,get
saat,hour
bence,according to me
neler,what
olmak,to be
herkes,everyone
gerçek,real
ister,whether...or
geliyor,coming
şunu,that
istiyorsun,you want
para,money
yapıyorsun,you do
onunla,with him
uzun,LONG
emin,sure
işte,at work
bakalım,let's see
onlar,them
bugün,Today
miyim,am I
bekle,wait
yine,again
buradan,from here
nedir,why
ilk,first
pek,much
birkaç,a few 
çocuk,child
yer,place
yere,to the ground
birlikte,together
gidelim,lets go
hep,always
şekilde,in the way
eve,home
sizin,yours
söyledi,told
yıl,year
bırak,leave       
çocuklar,Children
olmaz,Impossible
zaten,already
burası,here
kaç,how much
hazır,ready
nereye,To where
hepsi,all
olmalı,must be
dinle,listen
istemiyorum,I don't want
dilerim,I wish
lazım,required
etmek,to do
ilgili,relating to
kendini,self
karşı,opposite
olduğu,that
söz,promise
az,little
eski,old
ediyorum,I'm
kesinlikle,Definitely
anda,at the moment
fakat,but
tane,unit
benden,from me
gerekiyor,it needs
aman,Oh
an,moment
bunlar,these
işe,whereas
işi,heat
birşey,Something
istiyor,wants
yapmak,to do
zor,difficult
görmek,to see
tatlım,sweetie
seviyorum,I love
İki,Two
misiniz,Are you
bundan,from this
diğer,other
kadın,Woman
onlara,to them
kişi,person
yapma,don't do that
oraya,there
senden,from you
kabul,acceptance
elbette,certainly
kontrol,control
kez,times
hoş,pleasant
hafta,week
yarın,tomorrow
gidip,go and go
özel,special
edin,get it
zorunda,must
gereken,required
yanlış,wrong
yerde,on the ground
doktor,doctor
bakın,Look
sağ,Right
dışarı,outside
niye,Why
ediyor,in
gördüm,I saw 
bazı,some
kahretsin,damn it
ihtiyacım,I need
geç,late
dr,DR
birini,one
eminim,I am sure
sakin,beware
nereden,from where
falan,like
mutlu,Happy
dikkat,attention
dedim,I said
yemek,food
hem,both
gidiyor,going
ondan,from him
insan,person 
musunuz,Are you
polis,police
ha,Ha
erkek,Male
yalan,Lie
gitti,gone
yalnız,alone
değildi,it wasn't
beri,since
beş,five
görüşürüz,see you later
çabuk,quick
insanlar,people
merak,curiosity
etti,it
babam,my father
haber,news
nefret,hate
gördün,you saw
umarım,I hope
sence,what do you think
dün,Yesterday
öldü,died
değilsin,You are not
ateş,fire    
veya,or 
ah,Ah
sanki,as if
dolar,dollar
yaptım,I did
geçen,last
ayrıca,Moreover
tanrı,god
kes,cut
jack,jack
yap,do
sabah,morning
etme,relief
olduğumu,that I am
kendine,yourself
kendimi,myself
karar,decision
yerine,in its place
aptal,stupid
üzerinde,on
istediğim,what I want
dört,four
bunları,these
su,This
sonunda,finally
hâlâ,still
vardır,has
akşam,evening
yeter,enough
yaptın,you did
adı,First Name
tamamen,completely
boyunca,along
hangi,Which
olmuş,dead
ay,moon
farklı,different
pekâlâ,ok
kal,remain
olması,to be
olamaz,I can't be
adamım,my man
bitti,finished
açık,open 
ettim,I
bende,Me too
beraber,together
söyledim,I told
yol,path
neyse,Anyway
adamı,man
bazen,Sometimes
tarafından,by
İlk,First
adım,my name
olursa,if it
john,John
aldım,I bought
oldukça,increasingly
annem,my mother
tabi,subject to
yüzünden,because
birisi,someone
konuşmak,to talk
fark,difference
buldum,I found
cevap,reply
zamanı,the time
henüz,yet
kolay,easy
olmadığını,not
yapıyor,doing
saniye,second
gitmek,to go
mükemmel,Perfect
gelecek,future
öyleyse,then
aç,hungry
yoktu,did not have
sahip,owner
yanında,next to you
yolu,way
ise,whereas
onların,they
dedi,said
sakın,beware
içeri,inside
kan,blood
uzak,far
görünüyor,it looks
olun,be
bilirsin,you know
başına,per
oldum,became
durum,situation
bebeğim,My baby
sanmıyorum,I don't think so
olsa,though
yardımcı,helper
anlıyorum,I understand
düşünüyorsun,you are thinking
eder,eligible
genç,youth
neredeyse,almost
ara,Search
geldim,I am here
araba,car 
almak,to take  
söylemek,to say
adamın,your man
halde,in case of
evde,at home
yeniden,again  
dünya,World
günü,day
altında,under
konusunda,about
yaptı,made
takip,follow-up
süre,duration
dersin,you say
miyiz,Are we
galiba,probably
on,front
hızlı,fast
göz,eyelash
istedim,I wanted
konuda,on the subject
herhangi,any
azından,at least
komik,comic
düşündüm,I think
söylüyor,he says
oğlum,my son
duydum,I heard
evlat,son
çocuğu,child
işin,ray
silah,weapon
hepimiz,we all
şuna,to this
çalışıyorum,I am working
ancak,however
ciddi,serious
herif,guy
vay,Wow
hayatım,My love
ev,house
kaldı,remained
boş,empty
gidiyorum,I am going
çıktı,output
sende,You too
altı,six
şeyin,your thing
hava,weather
savaş,war
bin,thousand
rahat,comfortable
garip,strange
hayatta,in life
olacağım,I will be
oyun,game
olduğuna,that
kimin,who's?
bebek,baby
düşünüyorum,I am thinking
alo,Hello
gelen,incoming
hareket,movement
arada,in between
hayal,dream
soru,question
yakın,close
in,of
yaptığını,what you do
el,hand
gidiyoruz,We are going
çalışıyor,Working
kapıyı,the door
hayat,life
gelip,come and come
başladı,started
telefon,telephone
güçlü,strong
new,New
muhtemelen,probably
verdi,given
nasılsın,How are you
durumda,in case
çeneni,your jaw
sürü,herd
böylece,like this
yeterince,enough
be,ben
şaka,joke
şeye,to what
ihtiyacı,need
haklısın,you are right
ait,belonging
arkadaşım,My friend
acele,rush
durun,stop
anladım,I understand
beyler,gentlemen
verin,give
yolunda,on the way
kesin,definite
varsa,if any
olacağını,that
üzerine,over
şeyleri,things
dışında,outside
iyiyim,I am good
baban,your father
gizli,hidden
bilmek,to know
birinin,someone
kısa,short
ortaya,outstanding
hepsini,all
çıkar,interest
olay,event
beyaz,white
dans,dance
zarar,damage
kardeşim,my brother
arasında,between
geldin,You came
kapa,closure
hatta,even
gidiyorsun,You are going
gelir,income
günaydın,Good morning
olmadan,without
yapacağım,I will do it
verdim,I gave
memnun,pleased
kızı,daughter
olmayacak,will not be
geceler,nights
tür,type
geçti,passed
veriyorum,I give
yapamam,I can't do it
uygun,suitable
sam,Sam
sanıyorsun,you think
terk,abandonment
neyi,What
sanıyordum,I thought
sevindim,I am pleased
etmeye,to make
kere,times
sürekli,continually
ölü,dead
fikir,idea
değildir,not
tahmin,guess
neydi,what was it
canım,Darling
yüksek,high
korkunç,terrible
zamanda,at the time
yaşlı,old
sensin,you are
hissediyorum,I am feeling
güle,bye
olmadı,It didn't happen
ölüm,death
İçeri,Inside
herşey,everything
mısınız,Are you
sağol,Thanks
aldı,took
dolu,full
gerektiğini,what
çeviri,translation
anladın,you understand
çık,exit
acaba,I wonder
olurdu,would be
gelin,bride
ihtiyacın,Your need
parayı,the money
içine,into
ihtiyacımız,we need
rahatsız,uncomfortable
güvenlik,security
neyin,what
edecek,to be
acı,angle
biliyordum,I knew
ediyorsun,you are
diyorsun,you say
bırakın,quit
hasta,patient
çek,Check
geliyorum,I am coming
üzere,as well as
bizimle,with us
milyon,million
sizinle,With you
mümkün,possible
tuhaf,strange
yakında,soon
annen,your mother
dön,frost
affedersiniz,you forgive
charlie,charlie
eden,driving
yemin,oath
berbat,wretched
dedin,you said
dikkatli,carefully
dünyanın,world
siktir,Fuck
ana,mother
frank,franc
otur,sit down
aşağı,down
yapacağız,we will do
burda,here
normal,normal
yapacak,will make
şöyle,Like this
vermek,to give
dışarıda,outside
yapmaya,to do
yapıyorum,i do
başkan,minister
varmış,there
olmayan,non-
anlaşıldı,understood
istedi,wanted
deli,mad
yukarı,above
belli,clear
şans,chance
birine,to someone
söyledin,You said
at,horse
istediğini,what you want
oradan,from there
kaptan,captain
tatlı,sweet
dek,until
michael,Michael
seks,sex
pardon,pardon
istersen,if you want
duydun,you heard
bilmem,I don't know
nefes,breath
yapar,does it
güç,strength
hata,mistake
getir,bring
olup,in
ettin,you did
keşke,If only
insanların,peoples
bununla,With this
tut,Keep
bi,one
yalnızca,Only
biliyoruz,we know
inanamıyorum,I cant believe
koca,husband
ajan,agent
kahve,coffee
benziyor,looks like
neye,whereat
herşeyi,everything
isterim,I would like
sefer,expedition
evine,home to home
yeri,place
görüyorum,I see
basit,simple
herkesin,everybody's
kızlar,girls
hayatını,life
üstüne,over
durumu,status
yavaş,slow
İnsanlar,People
aile,family
tehlikeli,dangerous
dalga,wave
baş,head
aldın,you got it
bayım,sir
millet,people
yaşında,old -time
ufak,small
bilgi,information
ele,hand
buradayım,I am her
yeterli,sufficient
aynen,Exactly
gidin,go
yıldır,years
bunların,these
miydi,was it
olası,possible
zamandır,for time
herhalde,I suppose
george,George
ahbap,buddy
sessiz,silent
köpek,dog
kahrolası,goddamn
alıp,take off
sıcak,hot
temiz,clean
olmalısın,you must be
yüz,face
görünüyorsun,you look
önünde,in front
arkadaş,friend
olmasını,to be
dair,about
bilmiyor,he does not know
görüyor,sees
anlamıyorum,I don't understand
hoşça,nicely
vakit,time
yapmam,I don't do
söylüyorum,I'm saying
yedi,seven
olacaksın,you will be
düşünüyor,thinking
söylemiştim,I said
doğum,birth
adını,name
olduğun,you
yapacaksın,you will do
diyorum,I say
tom,tom
düşün,think
diyor,says
buldun,you found
alın,forehead
erken,early
ses,sound
konu,Subject
acil,urgent
istediğin,you want
bilemiyorum,I do not know
kızım,my daughter
haklı,right
kimsenin,nobody
adına,in the name of
sesini,your voice
mıydı,was it
olsaydı,if it was
ikinci,second
bulmak,to find
tıpkı,just as
yerinde,in place
gitmem,I dont go
uyuşturucu,drugs
aşk,love
sonraki,next
peter,Peter
işler,works
canlı,live
birden,suddenly
ta,ta
çekil,get out
yoktur,there is no
olduğum,I am
bilmiyordum,I didn't know
numara,number
üstünde,above
bilir,knows
orospu,bitch
insanları,people
edeceğim,I will make
arkadaşın,your friend
alabilir,you can get
hatırlıyor,Remember
hak,right
bakma,do not look
almaya,to buy
gerçeği,reality
cinayet,murder
yerini,location
kendisi,itself
asıl,royal
yaparım,I do
birçok,A lot
kızın,your daughter
muhteşem,wonderful
görünüşe,seemingly
öldürmek,kill
oda,room
kırmızı,red
söyleme,saying
gelmiş,arrived
film,film
kimsin,who are you
evi,the House
pislik,dirt
bahsediyorsun,you are talking
kalk,get up
sıkı,tight
bekliyor,waiting
İşe,Whereas
unutma,don't forget
buradaki,here
işim,name
mesaj,message
zavallı,poor
fena,bad
güvenli,trustworthy
istiyorsan,if you want
kimseye,to anyone
yürü,walk
anlat,to explain
söylüyorsun,you say
bağlı,connected
biriyle,with someone
verir,giving
şarkı,song
konuşma,speech
olmaya,to be
içki,drink
işini,Your job
birşeyler,something
david,David
the,The
parti,party
sonsuza,to infinity
harry,Harry
onlardan,from them
sonu,end
zamanlar,times
sebep,reason
saçma,nonsense
adamlar,men
yanına,next
geldik,we came
anlamı,meaning
parçası,Part of it
olduğundan,because
bulduk,we found
silahı,weapon
yapabilirim,I can
gerekir,must
yapalım,let's do
bayanlar,ladies
alacağım,I will take
özellikle,especially
alan,area
rağmen,despite
anlıyor,understands
sevgili,beloved
ölmüş,dead
tercih,preference
sayın,Dear
değiliz,we are not
aşkına,for your love
yaptığı,what he did
babası,his father
suç,crime
yemeği,food
burayı,here
gayet,very
umurumda,I care
general,general
bok,shit
bizden,U.S
elinde,in your hand
dürüst,honest
sıra,order 
İyiyim,I am good
joe,joe
kusura,sorry
yapan,doing
kalan,remainder
affedersin,you forgive
eğlenceli,fun
kayıp,loss
gerekiyordu,needed
dolayı,because
yaptığın,you do
onlarla,with them
defa,times
çocukları,children
olma,being
takım,set
sert,hard
teklif,offer
de,also
seviyor,love
bekleyin,wait
teslim,delivery
babamın,my fathers
çalışıyorsun,you work
soğuk,cold
katil,join
yaşıyor,Living
iyisi,good
sebebi,reason
çoğu,most
söyleyeyim,let me tell you
istemiyor,does not want
gitsin,let go
james,james
baksana,look
şeyden,out of what
gurur,pride
tanıyor,knows
geldiniz,welcome
arkadaşı,his friend
mike,mike
alır,gets
siyah,black
göster,show
edebilir,can
canına,to your life
şehir,city
kapı,door
patron,boss
istiyoruz,we want
tarafa,to side
anlaşma,agreement
geldiğini,that
dinleyin,listen
eskiden,before
görmedim,I didn't see
yarım,half
fikrim,my idea
ın,of
duyuyor,hears
altına,under
olmasın,not
demektir,means
arabayı,the car
yo,yo
günler,days
sene,year
süper,Super
niçin,why
orası,there
salak,idiot
adama,to man
yola,on the road
çocuğun,your child
kendim,myself
davet,Invitation
zorundayım,I have to
düşünüyordum,I was thinking
yapmış,made
kendime,to myself
hale,state
kalmak,to stay
gelmek,to come
yaptığım,what I do
öğrenmek,to learn
müzik,music
sona,end
kalp,heart
okul,school
aşık,in love
kalın,thick
istemedim,I didn't want
çoktan,already
ağır,heavy
arka,back
noel,Christmas
iç,drink
iyilik,goodness
serbest,free
hepiniz,all of you
taraftan,on the side
şef,chef
görmeye,to see
istemem,I do not want
ellerini,your hands
hoşuma,I like it
bul,find
çeşit,sort
sekiz,eight  
bakayım,let me see
herkese,to everyone
olayı,incident
ilginç,interesting
aferin,well done
sahibi,owner
dan,from
günün,your day
verici,transmitter
hatırlıyorum,I remember
vereceğim,I will give
konuş,talk
mavi,blue
kitap,book
kavga,fight
getirdim,I brought
istiyorsunuz,you want
çekilin,withdraw
gider,expense
telefonu,phone
bira,beer
şimdiye,so far
anlamına,meaning
birileri,someone
gitmeliyim,I have to go
İş,Work
resmi,official
görev,duty
baylar,gentlemen
nedeni,Reason
güneş,sun 
güven,trust
duymak,to listen
herkesi,everyone
isim,name
paul,Paul
dünyada,in the world
sigara,cigarette
dedektif,detective
oldun,you became
la,La
düşünmüştüm,I thought
severim,I like
üçüncü,third
gidecek,will go
kral,king
olanlar,what happened
aptalca,stupid
zengin,rich
jimmy,Jimmy
ifade,expression
elini,your hand
cehenneme,to hell
olabilirim,I could be
kapat,close
parça,piece
mesela,for example
cidden,really
sırada,in line
veriyor,giving
kadınlar,women
adın,your name
kimseyi,nobody
dua,prayer
amerikan,American
gerekli,necessary
önceki,former
gittim,i went
edeyim,let me
söylemiştin,you said
isterdim,I would have liked to
yaklaşık,approximately
yapmayı,to do
kara,black
olman,your being
dava,case
yüzbaşı,captain
yapabilir,can do
kendin,yourself
yıllar,years
gir,enter
kelime,word
sık,chic
zeki,intelligent
karanlık,darkness
vakti,time
yazık,what a pity
tanıyorum,I know
alıyorum,I'm buying
olacağız,we will be
karım,my wife
tebrikler,Congratulations
albay,colonel
bob,bob
başıma,to me
saçmalık,nonsense
koy,bay
verdin,you gave
unut,forget
etmiş,it has
kaldım,I stayed
yapıyorsunuz,you do
kutsal,sacred
yapıyoruz,we do
duyuyorum,I hear
öldürdü,killed
ray,rail
ön,front
yaşam,life
hayatı,vital
kadının,woman
hikaye,story
un,Fame
geriye,back
üst,top
söyleyeceğim,I will say
alıyor,taking
isteyen,wanting
birazdan,Soon
değer,value
kimi,who
defol,get out
şanslı,lucky
suçlu,guilty
tamamdır,Ok
uh,UH
hoşuna,you like it
satın,purchase
saygı,respect
yapmadım,I did not do
edelim,let's
sizden,from you
almış,bought
hayatımı,my life
sürece,as long as
çift,couple
olmayı,to be
çalışan,worker
çıkıp,out of
birinci,first
tony,tony
hediye,gift
İkinci,Second
kişisel,personal
gördüğüm,what I see
ettiğini,what
ikna,persuasion
yolunu,way
mıyım,am I
altın,gold
farkında,aware
endişelenme,don't worry
ee,ee
annesi,his mother
götür,take
gerekecek,will be required
derece,degree
söyleyin,Say
söyler,Saying
balık,fish
ortak,partner
ilgisi,interest
biliyorsunuz,you know
dışı,female
hayatın,Your life
bölüm,section
yüce,sublime
işleri,work
danny,Danny
duruyor,stops
gitme,don't go
arabaya,in the car
deniz,sea
güvende,safe
verme,giving
hanımefendi,lady
seksi,sexy
kalmadı,no more
iyidir,is good
gideceğim,I will go
sarah,Sarah
max,max
döndü,turned
park,Park
erkekler,men
kalacak,will stay
tehdit,threatening
elde,in the hand
olduğumuzu,that we are
jake,jake
arıyor,calling
korkarım,I'm afraid
buralarda,in here
çalıştım,I worked
ayak,foot
pis,filthy
yardıma,to help
gitmiş,gone
verecek,will give
sesi,sound
yaşamak,to live
yada,or
yoldan,out of the way
gücü,power
çıkmak,to leave
İnsan,Person
hoşçakal,Goodbye
polisi,policeman
okula,to school
yiyecek,food
inanılmaz,unbelievable
arıyorum,I am searching
alacak,receivable
kulak,ear
mantıklı,logical
şuraya,there
kafa,head
bilmiyorsun,You do not know
oyunu,game
alex,Alex
bildiğim,I know
ayağa,to the feet
etmez,not
önceden,previously
clark,Clark
olurum,I will be
tarafta,on the side
sol,left
kadını,woman
yaz,Summer
muydu,was it
da,in
mal,goods
dene,try
teğmen,lieutenant
ortadan,in the middle
bill,Bill
yaptık,we did
nesi,what's up
insanlara,to people
geldiğinde,when it comes
haline,into
ikiniz,two of you
istersin,you want
zorundasın,you have to
jim,jim
zamanlarda,in times
istediğimi,what I want
giden,outgoing
gördünüz,you saw
şanslar,luck
açın,open
test,test
eee,eee
yaramaz,naughty
degil,not
korumak,to protect
ediyoruz,we do
müthiş,wonderful
henry,Henry
ciddiyim,I am serious
buydu,that was
dünyayı,the world
destek,support
alt,lower
kaza,accident
yapabilirsin,you can do
istediği,wanted
olanları,what happened
sorunu,problem
yapman,you do
yolda,on the road
mary,Mary
sıradan,ordinary
yanımda,by my side
vur,hit
babanın,Your father
paris,Paris
yoluna,on the way
asker,soldier
yerden,out of the ground
sahi,actually
afedersiniz,excuse me
parmak,finger
aradı,called
plan,plan
nerde,Where
gibiydi,it was like
gösteriyor,is showing
evin,your house
kalsın,stay
neredesin,Where are you
olmadığı,not
elimden,from my hand
yıldız,star
aşırı,extreme
edip,educated
peder,father
edersin,you
adamla,with the man
sarhoş,drunk
veririm,I give
muydun,have you been
edildi,was
kapalı,closed
gerekirse,if necessary
gemi,boat
buradasın,you are here
önemi,the importance of
hayvan,animal
metre,metre
kat,floor
sevdim,I loved
gelmiyor,does not come
çavuş,Sergeant
hani,you know
orda,there   
tedavi,treatment
sorunun,your problem
iğrenç,disgusting
sahte,fake
baştan,from the beginning
istiyorlar,they want
grup,group
gözlerini,your eyes
olabilirsin,you can be
sürpriz,surprise
yarısı,half
bomba,bomb
öldürmeye,to kill
sanmıştım,I thought
muyum,am I
arkasında,behind
çıkıyor,turns out
ye,eat
türlü,various kinds of
gitmeliyiz,we should go
sever,lovers
derin,deep
olmam,not to be
san,singing
olduğunda,when
söylemişti,he said
ders,lesson
güzeldi,it was beautiful
johnny,johnny
başlıyor,starting
edebilirim,I can
olduğunuzu,you are
inanıyorum,I believe
annemin,my mom's
arıyorsun,you are looking for
bazıları,some
konuşuyor,speaking
kalmış,remained
piç,Bastard
başladım,I started
başarılı,successful
konuşabilir,can talk
oturup,sitting
koş,run
etmeyi,to do
geleni,what's the future
ikimiz,the two of us
elimizde,in our hands
günde,on a day
uçak,aeroplane
getirin,Bring
tutun,tobacco
uyan,wake up
şeker,sugar
nasıi,nasıi
miydin,Are you
rica,request
evli,married
yeşil,green
genelde,in general
alırım,I get
öylece,so
adamları,his men
anlamadım,I don't understand
bayağı,pretty
üzgün,sad
buz,ice
bekliyorum,I am waiting
elimde,in my hand
İsa,Jesus
olanı,what is
değerli,valuable
arama,call
zorundayız,we have to
daima,always
teki,in
çalış,Work
konuyu,subject
ararım,I'll call
yatak,bed 
buldu,found
şimdilik,now
özgür,free
hapse,to prison
aramızda,between us
akıllı,clever
olsam,if I were
rüya,dream
olduklarını,that they are
akşamlar,evenings
girdi,entry
mıyız,Are we
allah,God
ziyaret,visit
gelmedi,did not come
yazıyor,he is writing
profesör,professor
hamile,pregnant
geçiyor,passing
giriş,entrance
richard,richard
etmeyin,do not
araya,in
havaya,in the air
kaybettim,I lost
diğerleri,others
korkuyorum,I am scared
kadarıyla,as far as
dahil,including
değildim,I wasn't
kaldır,lift
chris,chris
gittiğini,that you go
zayıf,weak
kafayı,head
söylediler,they said
derhal,immediately
söyleyecek,will say
çocukların,children
evinde,at home
hiçbirşey,nothing
mesele,issue
alayım,let me take
avukat,lawyer
insanın,man
doğal,natural
hazırım,I am ready
sandım,I thought
bilim,science
anlama,understanding
oğlu,son-
konuşmaya,to talk
güney,South
ailesi,family
aldık,we got it
ailem,my family
sonuna,to the end
imkansız,impossible
yemeğe,to dinner
los,loess
şurada,there
aklıma,to my mind
söylemem,I don't say
dokuz,nine
york,york
kurtarmak,to save
ölmek,to die
dünyaya,to the Earth
bunlardan,Of these
düştü,fell
com,com
iyiydi,it was good
billy,Billy
çalışma,study
zamana,to time
eric,Eric
nick,Nick
demiştim,I said
ileri,forward
odasında,in the room
geçmiş,past
silahını,your weapon
dönmek,return
beyin,brain
iptal,cancel
kime,to who?
çekici,attractive 
şeytan,devil
kuzey,north
çalışmak,to work
etrafta,around
hedef,aim
majesteleri,Your Majesty
sayılmaz,unseen
cep,pocket
İşin,Ray
jerry,Jerry
askeri,military
konuştum,I talked
aradım,I called
mark,Mark
numaralı,numbered
fazlasını,more
tanrı'nın,God's
hizmet,service
saldırı,attack
işten,work
önüne,before
hayatımın,my life
gelebilir,can come
olmasına,to be
aşağıda,below
chuck,chuck
domuz,pig
adil,fair
öldürdün,you killed
topu,ball
yaptığımı,what I did
diyeceğim,I will say
top,ball
süredir,for a while
söylemedim,I do not say
memur,officer
sor,sir
başlayalım,lets start
ismi,name
gibisin,you are like
sevdiğim,Favorite
başı,head
bahse,bet
şansı,chance
deme,do not say
evden,from home
söylediğim,what I say
söylemeye,to say
can,life
yapın,do it
bilmiyoruz,we don't know
kenara,aside
İzin,Permission
charles,charles
will,Will
alman,German
not,note
ışık,light
kulağa,to the ear
istedin,you wanted
zevk,pleasure
kurban,victim
ettik,we
başla,Start
etmem,not
zamanında,on time
yüzünü,your face
gelmez,unimaginable
oturun,sit down
kızgın,angry
mr,MRI
girmek,to enter
fbi,FBI
çay,tea
ederiz,we
yaşayan,live
harekete,movement
çıkmış,out
kardeşin,Your brother
görmüş,selected
sırasında,during
hatırladın,you remember
saatte,on the hour
angeles,Angeles
bobby,Bobby
sıkıcı,boring
şerif,Sheriff
şarap,wine
hallederim,I will handle it
bilgisayar,computer
gideceğiz,we will go
düzgün,smooth
kate,Kate
walter,Walter
sağlam,durable
hayir,No
kahraman,hero
hastaneye,to hospital
tamir,fix
resim,picture
araştırma,research
çılgın,crazy
nasılsınız,How are you
mektup,letter
olacaktır,will
sevgilim,My love
yabancı,foreign
olabileceğini,that
yan,side
sayesinde,thanks to
çıkarın,take off
andy,Andy
zamandan,from time to time
polisler,police officers
kıçını,your ass
ruh,soul
çıkan,released
yarı,half
yapayım,let me do
ünlü,famous
haberi,news
problem,problem
işine,to work
İnsanların,Peoples
karısı,his wife
seçim,vote
kurşun,bullet
öldür,kill
kanıt,evidence
yakışıklı,handsome
savunma,defense
İnanılmaz,Unbelievable
başa,to the head
hatırlamıyorum,I can't remember
bıraktım,I left
tarafı,side
uzakta,away
geride,back
oynamak,play
işaret,sign
bakmak,to look 
rapor,report
bağlantı,connection
söylemedin,you didn't say
meşgul,busy
ikisi,the two
başlıyoruz,we start
birer,one
kişinin,person
fırsat,opportunity
masum,innocent
karın,your wife
sorumlu,responsible
yana,sideways
izi,trail
ters,opposite
gerekmiyor,not needed
aklını,your mind
göstermek,to show
çıplak,naked
geçiyorsun,you pass
bölge,area
getirdi,brought
kısmı,partial
eddie,Eddie
olursun,you will be
fikrin,your idea
tommy,Tommy
binlerce,thousands
cinsel,sexual
girecek,will enter
itiraf,admission
der,he says
başında,at the beginning of
don,frost
çıkın,go out
peşinde,in pursuit
bulmaya,to find
babamı,my father
rachel,Rachel
parasını,his money
kardeş,brother
değiller,they are not
gelince,as for
oradaki,there
yapabiliriz,we can do
diyelim,let's say
boktan,shitty
nasıldı,how was it
ceset,body
elinden,from his hand
dönüp,turn around
kuş,bird
anlaştık,we agreed
e,to
iyisini,good
kocaman,huge
yapacağımı,I will do
biliyordu,He knew
dünyadaki,in the world
göremiyorum,I can not see
jane,jane
odasına,in the room
söylerim,I say
olmuyor,It isn't happening
epey,quite
veren,giving
brian,Brian
ettiğim,what
larry,Larry
kiminle,with who
olmuştu,had happened
etmiyor,does not
dönerim,I return
birazcık,a little
suyu,water
yapmamız,we do
bey,gentleman
taş,stone
öğle,noon
orta,middle
bıraktı,He left
engel,obstacle
yapmamı,I do
yerlerde,in places
çalışıyoruz,we are working
yapamazsın,You can not
sey,thing
claire,Claire
girip,enter
hariç,not including
aşağıya,down
spor,sport
bol,plenty
İmdat,Help
görüyorsun,you see
sınıf,class
odada,in the room
kitabı,book
evlilik,marriage
nerden,From where
iyice,thoroughly
sizce,what do you think
geleceğim,I will come
ortada,obvious
emir,order
şükür,thanks
uzay,space
steve,Steve
veremem,can not give
edeceğiz,we will
futbol,football
kilo,kilo
adında,named
william,William
özledim,I miss
ayrı,separate
filmi,film
robert,Robert
yüzde,percentage
ediyorlar,they are
hangisi,Which one
birbirimize,to each other
numarası,its number
çalışıyordum,I was working
üzüldüm,I am sad
te,te
hmm,hmm
te,te
bakıyorum,I'm looking
sır,secret
yukarıda,above
dokunma,Do not touch
kör,blind
buradayız,we are here
yaparsın,you do
verdiği,giving
İnan,Believe
canını,your life
değilse,if not
konusu,subject
yağmur,rain
yat,sleep
çıkış,exit
İstediğin,You want
odası,room
enerji,energy
ihtiyaç,need
amca,uncle
öğrendim,I learned
düşman,enemy
sistemi,system
benzer,similar
edemem,I can't
şüpheli,suspicious
arabada,In the car
annenin,your mother's
zamanki,the time
dönüyor,Returning
hayatının,Your life
öldürecek,will kill
fazlası,more than
afedersin,you are sorry
kızla,with the girl
arasındaki,between
lan,lan
girin,enter
İçinde,Inside
gördü,he saw
arkadaşlar,Friends
çirkin,ugly
ryan,ryan
fotoğraf,Photograph
döneceğim,I will come
hayatımda,in my life
kedi,cat
kişiyi,the person
buyurun,here
ilaç,medicine
mutluyum,I'm happy
sırf,sheer
cesur,brave
birbirimizi,each other
öldüğünü,that he died
umut,hope
bilirim,I know
gittin,you went
sinir,border
arayıp,call and call
yapacağını,what
tutmak,to hold
bırakıp,quit
konuşalım,let's talk
budur,This is
konuşmayı,to talk
doğu,East
zamanımız,Our time
dediğim,what I say
sıradaki,Next
cuma,Friday
hayalet,ghost
edeceksin,you will
dave,dave
geleceğini,your future
barış,peace
madem,since
yıllık,yearly
tavsiye,recommendation
geliyorlar,they come
idare,administration
tavuk,chicken
okulda,at school
kıza,to the girl
kendisini,himself
ted,ted
bişey,something
şimdiden,already
yapıyorlar,They are doing
kevin,kevin
onda,in it
konuşmam,I don't talk
üzerinden,over 
yarar,benefit
şansın,Your luck
ölecek,it will die
şeyim,my thing
sakıncası,drawback
gözden,out of sight
kayıt,record
joey,Joey
kullan,use
sormak,to ask
ettiler,they
yapılan,done
mil,shaft
hissettim,I felt
yasal,legal
kocam,my husband
bebeği,his baby
ettiği,what
bizde,we have
baskı,oppression
birisin,you are someone
yaptığımız,what we do
annemi,my mother
alalım,Let's take it
İngiliz,English
lee,Lee
savaşı,war
sayılır,sort of
unuttum,I forgot
olmaktan,from being
parlak,shiny
neymiş,what is it
hepimizin,all of us
iz,trace
amerika,America
yakaladım,I caught
şeylerin,your things
kırıklığına,disappointment
vahşi,wild
aşağılık,Despicable
uyuyor,sleeping
sürer,takes
sağlık,health
banka,bank
insanı,human
İkimiz,The two of us
geçirdim,I spent
yangın,fire
yaparken,while
kaçtı,escaped
iyisin,you are good
pazar,Sunday
pete,pete
vermeye,to give
elektrik,electric
binbaşı,major
istemiştim,I wanted
başkanı,chairman
thomas,Thomas
demiştin,you said
yapıp,do and
olmalıyım,I must be
çalıştığını,that you work
bakmayın,do not look
yolculuk,journey
çalıştı,worked
edilmiş,signed
yıllardır,for years
ameliyat,operation
vereyim,let me give
canavar,monster
istiyordum,I wanted
şansımız,Our chances
korku,fear
bırakmak,to leave
eline,in the hands of
ihanet,betrayal
konuşuyorsun,you are talking
luke,Luke
sevdiğini,what you love
tespit,detection
boşver,Nevermind
bunda,in this
farkındayım,I am aware
prenses,princess
düşündün,you thought
yargıç,judge
söylemiş,he said
cumartesi,Saturday
dediğimi,what I said
öldüreceğim,I will kill
tanışmak,to meet
götürün,take it
karışık,mixed
eğitim,education
bilen,knowing
televizyon,television
söylemedi,did not say
değilmiş,not
fransız,French
saç,hair
sonuç,conclusion
etkileyici,influential
doğruyu,the truth
ardından,next
batı,West
nazik,kind
başından,from the beginning
çin,Chinese
görüşmek,to meet 
düğün,wedding
durma,stop
sean,sean
sonuçta,after all
olsaydım,If I was
alma,taking
itibaren,from
gerekirdi,it would have
koç,ram
tehlikeye,to danger
of,Ugh
takımı,team
görevi,task
ordu,army
getirdin,you brought
filan,blah
gecesi,night
polise,to the police
anlaşılan,apperantly
taksi,taxi
lisa,lisa
carter,Carter
çıkacak,will be released
içeride,inside
duruma,to the situation
kazanmak,to win
kar,snow
etmelisin,you should
bunca,so much
kalıyor,staying
bizler,us
şeydi,it was
boşa,intense
bulacağım,I will find
yalancı,liar
kadınla,with a woman
şirket,company 
başlangıç,beginning
müdür,manager
işimiz,Our job
vermeyeceğim,I will not give
bilirsiniz,you know
kağıt,paper
kokuyor,smells
söylediği,what he says
girerim,i enter
dost,friend
söylediğini,what he said
silahlı,armed
matt,matt
kyle,kyle
arabanın,your car
anna,Anna
dönün,turn back
varken,while there
emri,order
inanmıyorum,I don't believe
nedenini,why
anahtar,key
tadını,taste
kardeşi,brother
akıl,mind
kredi,credit
kimdi,who was
söyleyebilirim,I can say
sola,left
şeylere,to things
kurt,Kurd
sus,shush
gönderdi,sent
adi,First Name
inanıyor,believes
yaparız,we do
tecavüz,rape
ortasında,in the middle of
İç,Drink
gösteri,show
ihtiyacınız,you need
olmanı,your being
vurdu,hit
geçirmek,put in
param,my money
kalır,remains
kendinizi,yourself
biriydi,was one
çıkarmak,subtract
ekip,team
rus,Russian
ailen,family
bulundu,found
olacaktı,it would be
etmeliyiz,we must
kaldın,you stayed
scott,scott
tanıştığımıza,to meet
tarih,history
bakıyorsun,you are looking
arayacağım,I will call
örnek,example
peşinden,after
yılda,annually
üstelik,besides
olmanın,Being
baktım,I looked
koruma,protection
istemezsin,you don't want
gene,again
konuşuruz,talking
eğlence,entertainment
dediğini,what you say
daniel,Daniel
onca,all all
kimsiniz,Who are you
yirmi,twenty
teknik,technical
söylediğin,what you say
İşi,Heat
söyleyemem,I can not say
unuttun,you forgot
günlük,daily
fahişe,whore
ulusal,National
parası,money
derken,then
öğleden,noon
hatam,my mistake
merkezi,central
şehirde,in the city
tanesi,germ
umurunda,cares
doğrusu,actually
ediyordum,I was
hakkındaki,about
bulmuş,found
diyorlar,they say
yapmalıyız,We have to do
sevimli,pleasant
bulunan,found
yolun,road
yüzüne,to your face
değişti,changed
burdan,from here
dean,dean
tanımıyorum,I don't recognise
hissediyorsun,you feel
şuradaki,there
mahkeme,court
jones,Jones
kapıdan,through the door
başarısız,unsuccessful
van,van
zenci,black
öldürüldü,killed
boyu,length
gitmeye,to go
mutlaka,definitely
tren,train
kafanı,your head
gecenin,night
vermiş,given
ilişki,relationship
oluruz,we will be
serseri,rascal
okudum,I read
sürtük,slut
dersiniz,you say
mücadele,struggle
maalesef,Unfortunately
vegas,vegas
kaltak,bitch
kuralları,rules
martin,martin
halt,heck
yatağa,To bed
kalacağım,I will stay
çocuklara,To children
cesaret,bravery
dayan,Hang on
sizler,you
buranın,here
yerin,Your place
çekip,pulling
fikri,intellectual
olduğumuz,we are
servis,service
şeyle,with what
dövüş,fight
chloe,chloe
suçu,water seller
elbise,dress
etmeliyim,I have to do
dahi,genius
duygusal,emotional
adamların,your guys
vermem,I do not give
usta,expert
konuşmamız,our talk
dolarlık,dollar
kullanıyor,uses
yaptınız,you did
bakar,looks
şehri,city
evime,to my house
aramaya,to search
denedim,I've tried
tanrıya,to God
kahvaltı,breakfast
karşılık,opposite
yapmayın,do not do
derler,they say
utanç,shame
onur,honour
alakası,relevance
kaybettik,we lost
içindeki,in
söylesene,tell me
bulacağız,we will find
başını,your head
hiçbiri,none
ettiğin,you are
diş,external
ülke,country
zamanın,Your time
tepki,reaction
cok,A lot
getirmek,to bring
sanıyor,thinks
saati,clock
görebiliyorum,I can see
senatör,senator
edici,substitutable
ucuz,cheap
gözüküyor,appears
gaz,gas
otel,hotel
ödeme,payment
İkiniz,Two of you
çalışmaya,to work
telefonda,on the phone
tip,medicine
yaşıyorum,I live
planı,plan
anahtarı,switch
kıpırdama,movement
kalbi,heartland
lois,Lois
kanı,belief
sorabilir,can ask
denen,called
gören,sees
tıbbi,medical
nokta,point
yasak,Forbidden
tanık,witness
yapılmış,made
sefere,on the expedition
sağa,right
işimi,my job
giderim,I will go
şehrin,The city
kalma,stay
heyecan,excitement
sanat,art
isterseniz,if you want
önümüzdeki,next
eh,eh
gördüğün,you see
mıydın,Did you
yahudi,Jewish
nedenle,therefore
muyuz,Are we
demedim,I didn't say
düşünüyorsunuz,you think
ekibi,team
ateşli,hot
intihar,suicide
yerel,local
carl,Carl
gidebilir,can go
federal,federal
düşünmek,to think
sosyal,social
bil,know
sordum,I asked
varım,I exist
gerekmez,not necessary
atış,shot
durdur,stop
km,km
olabilirdi,could have been
ufaklık,kid
olağanüstü,extraordinary
almam,I don't get it
kayboldu,disappeared
nihayet,finally
insanlarla,with people
tv,TV
üstü,top
yapabileceğim,I can do
düşük,low
edersen,if you
oluyorum,I am
ödül,prize
neresi,where  
bekliyorsun,you are waiting
söyleyebilir,can say
tanrı'ya,To God
bozuk,broken
yapılacak,to do
posta,mail
resmen,officially
öyledir,so
derdin,your problem
benimki,mine
kullanmak,to use
İlginç,Interesting
döndüm,I got back
tarihi,date
kamera,camera
cesedi,body
hay,hay
İstersen,If you want
anlamıyorsun,you do not understand
bulun,find
derdi,would say
İşler,Works
uçuş,Flight
ateşi,fire
hayata,To life
birisini,someone
şansım,my luck
etrafında,around
adamsın,You are the man
çalışıyordu,Working
paraya,money
kural,rule
harikaydı,was great
etmesi,to
and,and
gitmiyor,not going
şeylerden,from things
bakıyor,looking
attı,threw
çekmek,to pull
meselesi,matter
değilsiniz,you are not
istemez,unintentionally
ayakta,on foot
tak,plug
sendin,you
duydunuz,you heard
le,le
çocuğa,to the child
kaldık,we stayed
bulup,find and find
bas,head
söylemeliyim,I must say
maç,match
gitmemiz,we go
tanıdığım,I know
sarı,yellow
tuzak,trap
profesyonel,professional
bahsediyorum,I'm talking about
ihtimalle,probably
okuldan,from school
gördüğüme,what I see
ilgi,interest
bırakma,leaving
gerçekte,in reality
evim,my home
eli,his hand
ödünç,on loan
ceza,punishment
saf,pure
şirin,cute
gelirim,I will come
İngilizce,English
genellikle,Generally
çiçek,flower
yara,wound
etmiyorum,I do not
canın,your life
fikrini,your idea
çıkma,emergence
olmazsa,if not
geceleri,at night
keresinde,at all times
kaba,rude
zorla,hardly
kalıp,pattern
anlatmak,to explain
"emredersiniz,""Yes, sir"""
büyü,spell
şirketi,company
takdir,discretion
arabası,car
açıkçası,frankly
hakkımda,about me
jason,jason
bölümü,department
ölümü,death
çalışmıyor,not working
tarafında,on the side of
verebilir,can give
anneme,to my mom
genel,general
hastalık,illness
icin,for
huzur,peace
geliyorsun,You're coming
hastanede,at hospital
aklına,to your mind
gelmeden,before arriving
kadına,to woman
kızıl,red
arabadan,out of the car
sevgi,love
yoğun,busy
verdik,we gave
olunca,when
inşa,construction
içinden,through
yapması,to do
sinyal,signal
anlattı,told
gibidir,like this
öyleydi,That was
seyirler,cruise
haftada,per week
dışına,outside
acayip,strange
getireyim,let me bring
görelim,see
çıkıyorum,getting out
yüzük,ring
göze,to eye
dinlemek,to listen
yürüyün,Walk
öldüren,killing
odaya,in the room
arthur,arthur
tehlike,danger
unutmayın,Remember
bıçak,knife
den,from
öbür,glutton
süt,milk
açıkça,clearly
kafasını,his head
rose,rose
öldürdüm,I killed
birinde,in one
ross,ross
sokak,street
fiziksel,physically
gideyim,let me go
bunlara,to these
simdi,Now
silahları,weapons
seviyorsun,you love
dediğin,you say
etsin,let it
yardımına,to your aid
dev,giant
paramı,my money
kendinden,self -esteem
gönder,Send
eşlik,accompaniment
içmek,to drink
zamanım,my time
araç,vehicle
inan,believe
çocukken,as a child
çocuğum,my child
red,rejection
adımı,my name
nükleer,nuclear
pes,pes
dahaki,more
dert,trouble
verdiler,they gave
günlerde,days
birleşik,unified
sağolun,thanks
haberler,news
kartı,card
şişe,bottle
kilometre,kilometer
derim,I say
yumurta,egg
eksik,missing
sağlıklı,healthy
kutu,box
İçeride,Inside
amerikalı,American
ed,ed
olamazsın,You can't be
gör,see
nathan,Nathan
olmalıyız,we must be
hükümet,government
çıkalım,Let's get out
programı,program
göstereyim,Let me show you
geldiler,they came
düşündüğüm,I think
hanım,woman
nakit,cash
hafif,light
korkuyor,scared
alışveriş,shopping
pişman,regret
kendilerini,themselves
his,feeling
izle,watch
di,diagonal
görmemiştim,I didn't see it
lord,lord
atla,jump
bedava,free
toplantı,meeting
gücünü,your strength
yapmaz,do not do
kendisine,to herself
kontrolü,control
karşısında,against
romantik,romantic
n'aber,What's up
edemezsin,you can't
babasının,your father
çeviren,translated
arayın,call
bakarım,I look
pahalı,expensive
söyleyen,saying
görünce,when you see
indir,download
alice,alice
tıp,medicine
kişilik,personality
eyalet,state
yardımı,assistance
görmüştüm,I had seen
partisi,party
atmak,to throw
basın,Press
çıkardın,you took off
bıktım,I am fed up
ismini,your name
rol,role
stan,stan
aniden,suddenly
verdiğin,you give
sizde,you have
korkma,don't be afraid
ilgilendirmez,unreliable
bildiğin,you know
şerefe,Cheers
temel,basis
hoşgeldiniz,welcome
bitmedi,not over
hele,in particular
katı,thick
karşılığında,in return
köpeği,dog
giderken,on the way
olmasa,if not
hakim,judge
riske,to risk
gelene,to come
geceyi,the night
alacağız,we will take
aksi,opposite
üzücü,sad
dış,external
bardak,glass
arkadaşlarım,my friends
sadık,loyal
yaparsan,if you do
ediyorsunuz,you are
yerlere,to places
buçuk,half
bulmalıyız,we must find
bildiğini,what you know
çıktım,I went out
uyku,sleep
biliyordun,you knew
bilmeni,you know
vampir,vampire
düşünmüyorum,I don't think
testi,testing
gelmişti,it came
gözleri,eyes
emily,emily
geçerli,valid
jenny,Jenny
şüphe,suspicion
cehennem,hell
yapmıyorum,I'm not doing
yazı,writing
ailenin,Your family
kızları,daughters
yakala,Catch
olduğunuz,you are
you,you
tim,team
şişko,fat
kafam,my head
kalbini,your heart
çizgi,line
suya,water
öldürürüm,I kill
kelly,Kelly
st,ST
öncelikle,firstly
farkına,to awareness
kararı,decision
göreceksin,you will see
göstereceğim,I'll show
alarm,alarm
tahliye,evacuation
endişe,anxiety
buldunuz,you found
olmadığına,that
birbirine,each other
andan,from the moment
anlamıyor,does not understand
krizi,crisis
maçı,match
yanı,well
önceydi,before
üyesi,member of
değişiklik,change 
arkada,at the back
sayı,number
almayı,to buy
komutanım,my commander
kapıya,to the door
İnsanları,People
geçici,temporary
gönüllü,voluntarily
çılgınca,crazy
karmaşık,complicated
koyun,sheep
derecede,extent
ayı,bear
vermiyor,does not give
başım,my head
umrumda,I care
aldılar,they took
haberim,my news
seyahat,trip
taze,fresh
söylüyorlar,they say
sezon,season
tuvalete,to the toilet
rock,rock
tanrının,God
işkence,torture
prens,prince
ediyordu,he was
yumuşak,soft
banyo,bath
devlet,state
göreceğiz,We'll see
sevdiğin,your beloved
biter,ends
sorunum,my problem
aşkım,My love
geniş,wide
marcus,Marcus
vaktim,my time
veda,farewell
mahkum,prisoner
arası,between
İkisi,The two
yatakta,in bed
İğrenç,Disgusting
oy,vote
iddia,allegation
taraf,side
rahip,priest
um,um
hızla,quickly
seninki,yours
getirir,brings
annemle,with my mom
mac,match
sanıyorum,I think
bela,darned
hakkı,right
çalıştığım,I work
yılın,year
hayatında,in your life
diğeri,the other
geçirdi,spent
konuştun,you talked
delik,hole
üzerindeki,on you
sorunumuz,Our Problem
neredeydin,where were you?
hissediyor,feels
gemiyi,the ship
kokusu,scent
annene,to your mother
aydır,for the month
yapmanı,you do
yavaşça,slowly
yaşındaki,oldly
duymadım,I did not hear
pazartesi,Monday
denir,called
ettiniz,you did
adalet,justice
şunları,these
randevu,meeting
alanı,area
dediği,what he said
edebilirsin,you can
vücut,body
olmalısınız,You must be
uçağı,the plane
mısır,sweetcorn
hemşire,nurse
yarısını,half
gizlice,secretly
kafana,your head
geleceği,future
konuşuyorum,I'm talking
kurtarmaya,to save
aldığını,what he took
şehre,to the city
aklından,from your mind
olmazdı,it wouldn't be
gitmeden,without going
kendimizi,ourselves
okulu,school
istediğiniz,you want
iletişim,communication
kaybetti,lost
partiye,to party
yaptılar,They did
düşündüğünü,what you think
yapıyordum,I was doing
başkası,somebody else
hazırız,we are ready
verdiğim,what I give
olduğunun,that
anlayamadım,I don't understand  
ölen,dying
tanıyorsun,you know
amy,amy
ağzını,your mouth
başlar,starts
herneyse,Anyway
trafik,traffic
ölür,It is possible
yüzü,face
sonucu,results
izlemek,to watch
bekliyoruz,we are waiting
kart,card
görünmüyor,does not appear
çöp,rubbish
bakacağım,I will look
yapmalıyım,I have to do
merkez,centre
frodo,frodo
victor,Victor
biriyim,I am
den,from
alacaksın,you will get
açıklama,explanation
bilemezsin,you can not know
morgan,Morgan
ekmek,bread
hesap,bill
hırsız,thief
sonrası,post-
edward,Edward
smith,Smith
öldürür,kills
doktora,doctorate
kafası,head
rahatla,relax
babama,to my father
başlamak,to start
verirsen,if you give
anı,moment 
özgürlük,freedom
aslına,to the original
arayan,caller
bakılırsa,in the face of
istiyordu,he wanted
bakarsan,If you look
efendi,master
oğlun,your son
içerisinde,in
planın,Your plan
şeydir,is the thing
yarıyor,it works
çekiyor,attracts
arkasına,behind
yaptıklarını,what they do
istemiyorsun,you do not want
girmiş,inserted
atın,throw away
gösterir,shows
gündür,for the day
video,video
çalışırken,while working
düşündüğün,you think
geldiğin,you come
sara,epilepsy
milyonlarca,millions
geldiği,it came
çekti,pulled
kımıldama,movement
gideceksin,you will go
görünen,visible
öne,what's that
vaktimiz,Our time
gemisi,ship
halk,people
ilan,advert 
ağzına,in your mouth
doğrudan,directly
hassas,sensitive
kısmını,part
elimi,my hand
jeff,Jeff
günden,from day to day
mucize,miracle
temsil,representation
etmedi,did not
öğrenci,student
gideriz,we go
annie,Annie
lucy,lucy
göğüs,chest
olmaması,lack of
er,error
çekin,pull
yaş,age
susan,Susan
bari,at least
otobüs,bus
duyduğuma,when I heard
gerektiği,that
kişiler,persons
beyefendi,gentlemen
dördüncü,fourth
lordum,my lord
halinde,in case of
duş,shower
etmen,factor
aldığım,I bought
oynuyor,playing
yüzlerce,hundreds of
jackie,Jackie
korkuyorsun,you are afraid
günah,sin
kuru,dry
ipucu,clue
tanıdık,familiar
hepimizi,all of us
canı,villain
koku,smell
ağaç,tree
izleri,traces
duyduğum,what I hear
ölüyor,is happening
gelirse,if it comes
babanı,Your father
havada,in the air
düşünmeye,to think
olmuştur,has been
oğlumu,my son
etmedim,I didn't
veriyorsun,you give
seven,loving
cam,pine
aramak,to call
yeteri,sufficient
rüzgar,wind
lucas,Lucas
gitmiyorum,I'm not going
geçer,passing
toprak,soil
kırık,broken
net,net
bilet,ticket
unutmuşum,I forgot
yaralı,wounded
pizza,pizza
ölümcül,fatal
heyecanlı,excited
bileyim,I know
geçecek,will pass
sorum,My question
garanti,guarantee
üstesinden,overcoming
fare,mouse
oku,read
konuşacak,will talk
anlamak,to understand
bravo,Bravo
alabilirsin,you can take
gizemli,mysterious
tuttum,I held it
babana,to your father
soruyorum,I'm asking
orayı,there
anneni,Your mom
savaşa,to war
dikkatini,your attention
gördüğünü,what you see
masa,table
olduk,we have
bendim,it was me
phil,Phil
kirli,dirty
şişman,fat
sandın,you thought
gelsin,come and come
düşünüyoruz,we think
yapamaz,can not do
kullanarak,using
yazar,writer
kadınları,women
tutuyor,holding
bırakalım,let's leave
hoşgeldin,Welcome
paket,package
anlayamıyorum,I can not understand
sürdü,continued
İçki,Drink
biliyorlar,they know
gibiyim,I'm like
eşcinsel,gay
denemek,to try
katta,on the floor
benzin,gasoline
emekli,retired
mm,mm
gelmesini,to come
geçmek,to go past
başardın,you succeeded
yaklaşıyor,approaching
evlenmek,to marry
yüzüğü,ring
belaya,in trouble
anlarsın,you understand
alakalı,relevant
dönecek,will return
kalacaksın,you will stay
keskin,sharp
dönüş,return
delilik,madness
öylesine,at random
gemiye,on board
sürecek,will continue
seferinde,at the time
konuşacağım,I will talk
hissetmiyorum,I do not feel
açığa,respected
sürede,in time
başardık,We succeeded
ayakkabı,shoe
bekliyordum,I was waiting
herifin,your guy
şok,shock
götüreceğim,I will take
maymun,monkey
bekleyen,waiting
ruhu,spirit
hepsinin,All of them
katılıyorum,I agree
iste,at work
elveda,farewell
sorular,Questions
yaşındayken,when he was
kraliçe,queen
güzelmiş,it's nice
farkı,difference
verildi,given
sonrasında,after that
yardımcısı,assistant
yaşıyorsun,You live
görüşme,meeting
uçağa,plane
bitir,finish it
neyle,with what
simon,Simon
silahlar,weaponry
yapmalısın,you should do
jackson,Jackson
yapmayacağım,I will not do
sevdiği,love
amacı,purpose
kasaba,town
dakikada,per minute
sipariş,order
korkak,coward
i,I
mutluluk,happiness
hapiste,in prison
paranın,Your money
hasar,damage
yaratık,creature
oğlan,boy
biridir,is one
etkisi,impact
çaldı,stolen
şikayet,complaint
yaşa,law
yaptıkları,what they do
kaybettin,you lost
tanıştım,I met
geminin,ship
ışığı,light
gidebilirsin,you can go
bakış,view
fırsatı,the opportunity
arıyoruz,we're searching
kazandı,won
kötüsü,worse
duymuştum,I heard
makine,machine
dondurma,ice cream
bulamadım,I couldn't find
yetişkin,adult
lex,lex
kimlik,identity
vince,vince
girdim,I entered
faydası,benefits
it,pushing
olalım,let's be
sahne,scene
gittiler,they went
birisinin,someone
ederek,by
takma,pseudonym
to,to
yetenekli,talented
hayatına,to your life
İzninizle,With your permission
oyuna,game
müsaade,permit
kazandım,I won
yapardım,I used to do it
alıyorsun,you buy
getireceğim,I will bring
gözünü,your eye
seçenek,choice
renk,colour
gözü,eye
vereceksin,you will give
durdu,stoped
dönelim,Let's get back
zafer,victory
hastane,hospital
bayılıyorum,I love
evini,home
kusursuz,flawless
robin,Robin
kralı,King of
oluyorsun,you are
sohbet,chat
çalışacağım,I will work
haftaya,next week
gelme,coming
gerekeni,what is necessary
kendinize,To yourself
demiş,said
temin,recruitment
evimde,in my house
sıfır,none 
arkadaşların,your friends
etmiştim,I had
bulur,finds
derek,derek
yakından,closely
belediye,council
arıyordum,I was looking
bina,building
beklemek,to wait
yaradı,it worked
huh,huh
oyuncak,toy
gitmedi,did not go
canımı,my life
sür,driving
olmasaydı,if not
sözü,word
gergin,moody
tatil,holiday
roger,Roger
olmadığımı,that I am not
komutan,commander
radyo,radio
patates,potatoes
uğruna,for the sake of
olaylar,events
sigorta,insurance
motor,engine
bulurum,I find
pilot,pilot
ederken,while
durup,stopping
gitmelisin,you should go
yapmadı,did not do
yokmuş,there was no
gördük,We saw
louis,louis
grubu,group
şaşırtıcı,amazing
kapatın,close
etmeden,uninterruptedly
arkadaşları,friends
götürmek,take away
patlama,explosion
güzelsin,you are beautiful
beğendim,I like 
yorgun,tired
belada,in trouble
arkadaşını,your friend
kaçırdın,you missed
yedek,spare
girer,enters
madde,article
olursan,if you
aynısını,the same
demir,iron
tadı,its taste
gösterdi,showed
çözüm,solution
başta,first
kadınların,women
dna,DNA
fred,fred
olayın,your event
kalabalık,busy
hank,Hank
program,program
şiddet,violence
görebilir,can see
miydim,was I
altından,under
uzağa,away
yılan,snake
izni,permission
içindir,for
başladın,you started
dönmüş,frozen
getiren,brutally
deneme,attempt
kalmaz,not stay
göt,ass
kurtarma,recovery
İnanamıyorum,I cant believe
öğrendin,you learned
sanmam,I do not think so
görür,sees
kaynağı,source
öpücük,kiss
geçmişte,in the past
alet,tool
fırtına,storm
duvara,to Wall
cenaze,funeral
peşine,after
sokakta,on the street
çıkardı,he took off
julie,julie
kod,code
ülkenin,country
tyler,Tyler
tehlikede,in danger
verelim,let's give
paranı,Your money
oyuncu,actor
topla,gather
grace,Grace
homer,Homer
mesajı,message
olmayabilir,may not be
düşünün,think
anladınız,you understand
arkaya,back
açıdan,as well as
aldığı,receiving
götürecek,to take
yumruk,fist
sistem,system
görüntü,image
gidiyorsunuz,you go
metal,Metal
idi,was
sordu,asked
bırakıyorum,i leave
müşteri,customer
edemez,unable to
çikolata,chocolate
edebiliriz,we can
görmüyor,does not see
madam,madam
eşyalarını,their belongings
intikam,revenge
maria,maria
manyak,maniac
çalışıyorlar,they work
kurtulmak,to be saved
ölüme,to death
ihtiyaçları,needs
sırası,sequence
öyleyim,I am
herkesten,from everyone
kapının,door
olabiliriz,we can be
randy,Randy
kibar,kind
haberin,news
yerinden,out of place
arkanı,your back
olmamış,unreasonable
karen,karen
arkadaşının,Your friend
nesin,nesin
oldugunu,that
elimizden,from our hands
eş,spouse
konuşurken,while talking
alıyoruz,we buy
olsan,if you
büyükanne,grandmother
tatmin,satisfaction
düşünmemiştim,I didn't think
robot,robot
gerçi,though
öteki,other
kaçmak,to escape
şükürler,thank you
istiyorsanız,If you want
doug,doug
gerekiyorsa,if necessary
devre,circuit
kurtardı,saved
ten,skin
saldırıya,attack
salı,Tuesday
geçin,go through
değiştirmek,to change
howard,Howard
öldürdüğünü,that you killed
çıkmaya,to go out
tan,tan
erdi,he tired
koydum,I put
golf,golf
terry,Terry
minik,tiny
soracağım,I will ask
cezası,penalty
makinesi,machine
birinden,from someone
yüzüme,on my face
beğendin,liked
dolara,to the dollar
tuvalet,toilet
çağır,call
bebeğin,Your baby
buyrun,come in
bırakmış,left -wing
minnettarım,I am grateful
pembe,pink
yerim,I eat
anlamaya,to understand
mermi,bullet
süreliğine,for a while
izini,trail
havalı,airy
geliyoruz,we are coming
öldürme,kill
yetecek,sufficient
yaşasın,Long live
kafasına,on your head
geçip,passing through
bakıp,looking at
davranıyorsun,you act
korumaya,to protect
kurbanın,victim
olmamız,we are not
açmak,open
mahkemeye,to court
güne,to the day
yakalayın,Capture
oturuyor,sitting
herifler,guys
meyve,fruit
kardeşini,your brother
bayılırım,i love it
bruce,bruce
roy,Roy
fazladan,extra
laf,word
halen,currently
oydu,he was
gitmesine,to go
katılmak,to join
numarayı,number
giriyor,it is entering
işlerini,their work
melek,angel
mektubu,letter
atıyor,throws
döner,rotary
üniversite,university
başın,Press
kadarı,as far as
şaşırdım,I am shocked
haberleri,news
gelmeye,to come
yıldızı,star
yıldan,from the year
düşünce,thought
kaldırın,Remove
katie,Katie
dersi,course
bilmen,knowing
birilerini,someone
diyorsunuz,you say
miles,Miles
talep,request
kaybı,loss
savaşta,in the war
elizabeth,Elizabeth
sabit,still
bıraktın,you left
oldukları,they are
bugünkü,current
ertesi,next
babamla,with my dad
olsaydın,if you were
esas,basis
duygu,feeling
hoşlanıyorum,I like
seri,sherry
kilitli,locked
tekisin,you are one
diyebilirim,I can say
yaptığınız,what you do
bayıldım,I love it
görmedin,you did not see
gündüz,daytime
marty,marty
deri,skin
olacaksınız,you will be
kalmayacak,no longer
yahu,Yahu
içindi,for
fazlasıyla,more than enough
içi,intra-
nin,n
yazdım,I wrote
koru,protect
düz,straight
yemeğine,To dinner
kocası,her husband
bahsetti,talked
kişiye,to person
yedin,you ate
kaybetmek,to lose
nişan,April
sevdiğimi,I love
eskisi,old one
cadı,witch
değildin,you were not
verebilirim,I can give
kalbim,my heart
gittikçe,gradually
pasta,cake
barry,Barry
inanmak,to believe
sorunları,problems
paran,your money
vermelisin,you should give
acıyor,It hurts
bahsediyoruz,we are talking
haklıydın,you were right
kaydı,registration
taylor,Taylor
tebrik,greeting
temas,contact
vuruldu,was shot
görmüyorum,I do not see
çocuklarla,with children
anahtarları,keys
eller,hands
ettiğimi,that I did
felaket,disaster
geldiğiniz,you come
annenle,With your mother
önemsiz,insignificant
risk,risk
sandviç,sandwich
olmamı,not to be
model,model
ayrıldı,Left
şanslısın,you are lucky
girdin,you entered
kadeh,glass
kilise,church
kimseyle,with anyone
aldınız,you bought
abby,Abby
kazanan,winning
gördüğünüz,you see
rahibe,nun
etrafı,around
sevmem,I do not like
lily,lily
ellerinde,in the hands of
sonsuz,forever
dik,steep
japon,Japanese
kıçına,to your ass
raporu,report
telefonunu,phone
sonuçları,results
sensiz,without you
hapishane,prison
operasyon,operation
sağlamak,to ensure
çığlık,scream
başının,your head
hile,cheat
durdurmak,stop
verilen,given
hikayeyi,the story
otuz,thirty
yanıyor,on fire
bakan,minister
kızımı,my daughter
kanser,cancer
alırsın,you get
bilinen,known
lezzetli,tasty
roma,Rome
suçun,your crime
hayvanlar,animals
çalışır,works
söylemeyi,to say
hastalığı,illness
kılıç,sword
demişti,he said
düşünme,thinking
sihirli,magic
müfettiş,inspector
herifi,heroic
kapıları,gates
tavşan,rabbit
buluruz,we find
ayda,monthly
çıktın,you came out
kamp,camp
verip,giving
umuyorum,I hope
kanun,law
yağ,oil
erkeğin,your man
noeller,Christmas
ederdim,I would
başlayacak,will begin
hoşlanıyor,likes
nate,nate
kimden,from who
tabiki,Of course
patrick,patrick
akıllıca,wisely
karşıya,across
düşmüş,fallen
toz,dust
beşinci,fifth
müziği,music
tur,type
sarışın,blonde
sakinleş,calm down
olabilirler,can be
normalde,normally
İster,Whether...or
yokken,when there is no
gitmen,you go
vergi,tax
olanlardan,from what happened
uzman,expert
güvenliği,safety
yapıyordu,he was doing
helen,helen
oğlunu,your son
öğlen,afternoon
sağlayacak,to provide
yemeğini,your food
olacaklar,they will be
yanıma,with me
konuşmalıyız,we should talk
yorgunum,I am tired
hikayesi,story
aşkın,over
jean,Jean
istemedi,did not want
davranış,behaviour
saattir,for the clock
mola,break
davayı,the case
diz,knee
öldüğü,died
geceki,tonight
bar,bar
suyun,of water
acımasız,unmerciful
meydan,square 
sessizlik,silence
ormanda,in the forest
korusun,Protect
günleri,days
arasına,between
a,A
andrew,Andrew
viski,whiskey
mezun,graduate
devamlı,continuous
olabilecek,possible
edemiyorum,I can't
olamam,I can't be
donna,donna
üzerime,on me
hatırladım,I remembered
müsün,are you
çıkarma,extraction
annesinin,your mother
durdurun,Stop
olacağı,that
böcek,bug
parayla,With money
karımı,my wife
döndün,you turned
askerler,soldiers
olmalıydı,must have
resmini,your picture
parçaları,pieces
bildiğimiz,what we know
çağrı,call
moda,fashion
olmalılar,they must be
çalıyor,playing
etmemi,not
yarış,race
gümüş,silver
vermez,unattractive
sahiden,really
götürdü,took it
tekne,boat
gönderin,send
İtalyan,Italian
biçimde,in the way
uyu,Sleep
yakalamak,to capture
hal,status
vincent,Vincent
borçluyum,I owe it
olaya,to the event
görmeyi,to see
polisin,Police
ani,moment
edeceğini,that
sevmiyorum,I don't love
saçmalama,don't talk nonsense
kalacağız,we will stay
bittiğinde,When finished
amin,amine
kalabilir,may remain
etrafa,around
insana,to human
çanta,bag
alay,regiment
ince,thin
kızların,Girls
yaşadığını,that you live
anlamsız,meaningless
adresi,address
buyur,be my guest
arabayla,with car
kurtardın,you saved
yerler,places
gününü,day
julia,Julia
gordon,gordon
gelmedim,I didn't come
alkol,alcohol
aziz,saint
kardeşinin,Your brother
çıkıyoruz,we go out
daire,apartment
sabaha,to morning
vurmak,hit
wayne,Wayne
bizzat,personally
kemik,bone
görünüyordu,it looked
burnunu,your nose
alçak,low
savaşın,Your war
anlatmaya,to explain
tutar,amount
etmesini,to do
saate,to the clock
yapmadın,you didn't do it
konuştuk,we talked
şampanya,champagne
güzelim,my beauty
altyazı,subtitle
açlıktan,hunger
bakabilir,can look
verdiğini,that he gave
bugüne,to the present
hissettiğini,that you feel
kolayca,easily
başlıyorum,I'm starting
noktası,point
kazandın,you won
konuşmalıyım,I have to talk
aracı,intermediary
aylık,monthly
lana,lana
binanın,building
kafamı,my head
gününde,on the day
değişik,strange
perşembe,Thursday
bilgileri,information
gittik,We went
barda,at the bar
katili,murderer
tesadüf,coincidence
wilson,Wilson
hız,speed
böylesi,Such
uçan,flying
duran,standing
eşi,partner
haftadır,for a week
istemiyoruz,we don't want
yaşadım,I lived
gördüğümde,When I see
tarzı,his style
ron,ron
buldular,they found
puan,point
anlatayım,let me tell
harvey,Harvey
yönetim,management
kaçak,leakage
erkeklerin,Men's
soruyu,question
birliği,unity
eşim,my partner
laura,Laura
rick,rick
gitmeni,you go
girebilir,can enter
gemide,on board
no,no
yaşamaya,to live
ailemi,my family
halka,ring
gitmeyi,to go
arkadan,behind
ölmeden,without death
bildiği,he knows
isterse,if he wants
ayın,ritual
sözünü,your word
bırakır,leaves
bildin,you knew
allahım,God
söyleyebilirsin,you can say
ölümüne,to death
dertte,in trouble
kokain,cocaine
anlar,moments
sally,sally
doktorlar,doctors
merhamet,mercy
giy,wear
dinliyorum,I am listening
attım,I threw it
ciddiye,seriously
teşhis,diagnosis
kardeşimi,my brother
is,work
yaparak,by doing
bahsettiğini,that you mentioned
senle,With you
cevabı,reply
olurdum,I would be
leo,leo
başlayın,Start
memnunum,I am glad
kek,cake
rezil,infamous
tarz,style
güvenilir,Trustworthy
ısrar,insist
parker,parking
aşkı,hanger
ooh,ooh
kalıyorum,I stay
komuta,command
anlatacağım,I will tell
şükran,gratitude
bilgiler,informations
terörist,terrorist
öldürmüş,killed
yapmadan,without doing
vermedi,did not give
sizlere,to you
suçum,my fault
arabam,My car
balığı,fish
kalanını,the rest
etmeni,the factor
uluslararası,international
gidebiliriz,we can go
malı,financial
sorumluluk,responsibility
house,House
adli,judicial
peynir,cheese
köle,slave
naber,What's up
bitmiş,finished
marie,Marie
korkutucu,scary
demeye,to say
adamdı,He was a man
başladık,we started
liz,liz
dick,dick
uyarı,warning
olana,to what is
kötüye,abuse
tarif,specification
kızını,Your daughter
örümcek,spider
güveniyorum,I trust
istediğimiz,what we want
başlamadan,without starting
uydu,satellite
benziyorsun,you look like
benzemiyor,does not look like
connor,Connor
cihazı,device
önemlisi,importantly
şapka,hat
kanlı,bloody
korktum,I was scared
yapamayız,we can't do
bölgede,in the region
kolunu,his arm
etmekten,from
açtı,opened
direk,direct
önde,ahead
İtiraf,Admission
doldu,filled
ateşe,on fire
öğretmen,teacher
uzaktan,afar
artı,plus
bağla,connect
jesse,Jesse
bakmaya,to look at
görecek,will see
cehennemde,in hell
çıkmaz,impasse
istememiştim,I didn't want
almadan,without taking
söylediğimi,what I said
deniyor,is called
frankie,Frankie
karıştı,confused
söyleyeceksin,you will say
hı,what
yapıldı,done
marshall,Marshall
günüm,my day
birilerinin,Someone's
etkili,effective
söylersin,you say
oradaydı,it was there
satış,sales
angel,Angel
bitecek,will end
karı,wife
bulalım,let's find
dışarıya,out
yakaladık,we caught
edilen,in
düzelecek,It will be fine
affet,forgive
etmişti,he had
klasik,classical
yedim,I ate
doktoru,doctor
kader,destiny
vermeyi,giving
zekice,cleverly
dişi,female
yanıt,response
panik,panic
başımdan,from my head
taşı,Move
telefona,on the phone
kurallar,rules
mars,anthem
bırakayım,let me quit
özlüyorum,I am missing
sivil,civilian
ihtimali,possibility of
ederler,they are
kamyon,truck
istersiniz,you want
plastik,plastic
yaptığına,what you did
alabilirim,I can get it
çocukla,with the child
istemezdim,I wouldn't want
arabasını,his car
geçiriyor,passes
dostlarım,my friends
sordun,you asked
yapsın,let it do
hatan,error
öğren,learn
anlamda,in the sense of
seve,gladly
görünüyorum,I look
duyabiliyor,can hear
ho,holy
elime,in my hand
kokusunu,smell
tuzağa,to the trap
washington,Washington
ambulans,ambulance
amaç,aim
uyar,warning
bond,bond
söylemiyorum,I'm not saying
benimkini,mine
önem,importance
oluşan,formed
versene,give me
gerekti,needed
dediler,they said
numarasını,number
uzaylı,alien
değeri,value
kaybetmiş,lost
uslu,well-behaved
adamdan,from the man
yaramıyor,does not work
pisliği,dirty
bıçağı,knife
vurdun,you hit
york'a,to York
rengi,color
yazılı,written
gösteren,showing
vurdum,I hit
lewis,lewis
insanlardan,from people
bilgiyi,information
kimliğini,identity
değişir,changes
yatıyor,lies
giderse,if it goes
yılında,in the year
ölüyorum,I'm dying
ton,ton
gazete,newspaper
anında,instantly
gitmiyorsun,you don't go
davranıyor,Acting
sanıyorsunuz,you think
porno,porn
nasil,How
görüş,opinion
vereceğiz,we will give
ihtiyar,old
cia,cia
konuşan,speaking
ağzından,from your mouth
deneyelim,Let's try
umuyordum,I was hoping
düzenli,organised
kumar,gambling
carlos,Carlos
ot,weed
lou,lou
görürsün,you see
seç,select
yerime,in my place
gary,Gary
birbirlerine,to each other
olayım,let me be
gitmesi,to go
söylemen,you say
anlam,meaning
sınır,border
eğlenceler,Entertainment
durumun,your situation
tutan,holding
soruşturma,investigation
pencereden,through the window
müdürü,manager
örneğin,for example
virüs,virus
üvey,step
ruhunu,your soul
geldiğimde,When I arrived
gibiler,people like
birisiyle,with someone
gerçekleri,facts
delil,proof
yapabileceğini,that you can do
hatırla,Remember
ayrılmak,To leave
davran,act
lider,leader
modern,modern
görmem,I don't see
kimler,who
ikisini,two of them
görmezden,ignoring
kafalı,-headed
yolla,send
kasabada,in the town
nedeniyle,because of
yaşıyoruz,we are living
çeker,pull -out
kent,city
babanla,with your father
odayı,the room
üstün,superior
geçmişi,past
duymadın,you did not hear
kayıtları,records
izledim,I watched
jüri,jury
kaçmaya,to escape
izliyor,is watching
yanılıyorsun,You're wrong
İşini,Your job
kum,Annual
çaresine,remedy
kadarını,as far as
otomatik,automatic
üstüme,on me
İnsanlara,To people
yılı,year
noktaya,to point
feda,sacrifice
earl,Earl
pazarlık,bargain
meydana,square
boku,shit
zordur,is difficult
greg,GREG
güzellik,beauty
yapamıyorum,I can not
şampiyon,champion
yalvarıyorum,I beg
yapabileceğimiz,we can do
noktada,at the point
yarayacak,will be useful
öldürün,Kill
mahkemede,in court
ödülü,prize
olumsuz,negative
içmeye,to drink
uyanık,awake
çalıştığı,Working
yanındaki,next
ziyarete,visit
yi,yi
herşeyin,everything
açıp,open and open
maggie,maggie
şarkıyı,song
gelmesi,arrival
bart,Bart
gelsene,come on
öte,beyond
söylemeyeceğim,I will not say
dinliyor,listening
vaktin,your time
ahmak,idiot
öldürüyor,killing
oyunun,your game
hop,hop
olmayacağım,I will not
elli,fifty
molly,molly
izleyin,watch
zekalı,witted
zamanla,in time
öldürmedim,I didn't kill
yaparlar,they do
kurtar,save
düşüyor,falling
öylesin,so
üniversiteye,university
kalmaya,to stay
servisi,service
oğlumun,my son
cennet,heaven
öncesi,pre-
gereksiz,unnecessary
kaçırdım,I missed it
karanlıkta,in the dark
ortalıkta,around
dile,language
kocan,stub
buffy,buffy
haberdar,informed
borç,debt
keser,cut
sesle,with voice
darbe,coup  
ailesinin,Your family
altındaki,under
mevcut,available
uyum,rapport
johnson,Johnson
masaya,on the table
hikâye,story
tuttu,hired
alırız,we get
kurmak,to create
otelde,in hotel
hukuk,law
çıkarsa,if it comes out
sabahın,in the morning
linda,Linda
uzaklaş,go away
karısını,his wife
dosya,file
tutmaya,to hold
soygun,robbery
hain,traitor
konsantre,concentrated
anladığım,I understand
bekliyorlar,they are waiting
ekselansları,His Excellency
söylemesi,to say
önden,from the front
geçelim,Let's pass
tarafına,on the side of
anlattım,I told
telafi,compensation
getiriyor,brings
edilemez,incredible
bulmam,I don't find
milyar,billion
söylerdi,He would say
almıştım,I bought it
bulamıyorum,I can not find
adamımız,Our man
kardeşimin,my sibling's
angela,Angela
öp,kiss
gelmeyecek,will not come
dinleme,listening
sınıfta,in the class
duvar,wall
giderek,increasingly
avcı,Hunter
duruyorsun,you stop
sesleri,sounds
bulabilirim,I can find
değiştirdi,changed
etmeyeceğim,I will not
savaşçı,fighter
isteyeceğim,I will want
yatın,YAT
carol,Carol
kış,winter
lise,high school
gideceğini,that you will go
sağlıyor,provides
meşgulüm,I'm busy
görevim,my duty
bahsediyor,Talking about
boşuna,in vain
çocuğunu,your child
içelim,let's drink
pas,rust
miktarda,quantity
garson,waiter
sabırsızlanıyorum,I can't wait
okumak,to read
boy,size
geçit,passage
york'ta,in York
yapardı,he would do
sıraya,in line
yetenek,talent
çalmak,to play
ok,arrow
çıkmadı,did not come out
dolusu,full of
etmedin,you didn't
İşim,Name
yandan,on the other hand
konuya,to the subject
olurlar,they are
zehir,poison
alındı,receipt
türden,kind of
merkezine,to the center
genetik,genetic
josh,josh
bağlantısı,connection
yoruldum,I am tired
işime,for my work
haberlerim,my news
planım,my plan
ihtimal,possibility 
yapmaktan,from doing
yemiş,eaten
bekledim,I waited
üstünü,top
hapis,prison
halkın,PEOPLE
kimmiş,who was
yaşındasın,you are old
elle,by hand
söyleyip,and saying
olacağına,that
yük,load
koydu,he put
gittiği,he went
vermeden,without giving
fıstık,peanut
ordusu,army
yapıyordun,you were doing
vermişti,gave it
kalem,pen
adres,address
ötesinde,beyond
dilemek,wish
todd,todd
yöne,directional
üzülme,Do not be sad
vali,governor
gidiyorlar,they are going
verirseniz,if you give
helikopter,helicopter
kovboy,cowboy
leonard,Leonard
gay,gay
olayları,events
çete,gang
çekim,pull
oksijen,oxygen
sakla,hide
veri,data
yapacaksınız,you will do
aranızda,among you
niyetim,My intention
icabına,for the purpose of
başardım,I succeeded
İndir,Download
bitirmek,finish
buradaydı,It was here
aldığın,you buy
jamie,Jamie
sürmez,unmistakable
buluşma,meeting
yerleri,locations
listesi,list
ned,ned
küçükken,when I was little
bitince,when finished
şirketin,company
bakacak,will look
belkide,maybe
zamanını,your time
düşünüyorlar,they think
cooper,cooper
kurabiye,cookie
beynini,your brain
okulun,your school
işlerin,Your work
tracy,tracy
yapılması,to be done
teklifi,proposal
yarbay,lieutenant colonel
justin,Justin
matthew,matthew
hırsızlık,theft
sınırı,limit
duymuş,heard
bitiyor,ends
yazan,writer
yavrum,my baby
görünmez,invisible
bulunduğu,found
sapık,pervert
köpekler,dogs
nerdeyse,almost
sorma,dont ask
kıçımı,my ass
politik,political
cinayeti,murder
sinirli,annoyed
ulaşmak,to reach
İsmi,Name
londra,London
oğlunun,Your son
alana,to the field
miller,miles
derdim,I would
midir,is it
sersem,giddy
düşünmüyor,does not think
korkmuyorum,I'm not afraid
silahın,Your weapon
bulmamız,we find
adlı,judicial
ederse,if he
hatası,error
dönüyorum,I'm going back
sürüyor,progress
betty,Betty
yıllarca,for years
İmkansız,Impossible
ikiye,in two
bilerek,on purpose
meşhur,famous
dostlar,friends
gezegen,planet
mecbur,forced
etmiyorsun,you don't
mmm,mmm
merkezinde,in the center
televizyonda,on TV
teker,wheel
hepinize,to all of you
wow,wow
hanımlar,ladies
koşun,run
işbirliği,partnership
sıkıldım,I am bored
göreve,to duty
üstünden,over
hatırlamıyor,does not remember
başlamış,started
hepinizin,all of you
aksine,on the contrary
gürültü,noisy
aa,AA
gidemezsin,You can't go
petrol,oil
oynamaya,playing
döndüğünü,that he returned
aktif,active
halkı,people
arkasından,behind
uçakta,on the plane
brown,brown
veriyoruz,we give
müdahale,intervention
koymak,to put
gelişme,development
çıkart,subtraction
davis,Davis
neyden,what
çıkacağız,we will go out
yaşadığı,lived
nancy,nancy
veriyorlar,they are giving
bırakacağım,I will quit
kaçış,escape
ülkede,in the country
almadım,I did not take
hali,state
açar,opens
duyamıyorum,I can not hear
ailemin,my family
getirecek,will bring
başkasının,someone else
kiliseye,to the church
kullanma,use
duman,smoke
bahis,bet
istemiyorsan,if you do not want
delirdin,You were crazy
hediyesi,gift
alamıyorum,I can't get
kulübü,club
me,me
edebilecek,it can be
şeylerle,with things
buysa,if that's
istediler,they wanted
ari,bee
ömür,lifetime
kötülük,evil
şansını,your chance
reklam,advert
biliyormusun,do you know
teknoloji,technology
başkaları,others
dil,language
hakkım,my right
hepinizi,all of you
arkadaşımı,my friend
gözlerin,Your eyes
etmenin,do not
jay,jay
çıkarmaya,to remove
yönünde,towards
vermedim,I didn't give
aklında,in mind
etmemiz,we
öfke,anger
ederdi,would have
tahta,wood
soruyorsun,you ask
sevmiyor,does not like
sydney,Sydney
İstediğim,What I want
gördüğü,what he sees
saçlı,-haired
yakaladı,caught
boyun,neck
gördüğümü,what I see
sesler,sounds
yatırım,investment
tanırım,I know
cadılar,witches
kol,arm
oysa,whereas
aykırı,against
geçirmiş,spent
roman,novel
kadınlara,To women
çeken,attractive
kurusu,dryness
yetmez,not enough
aaron,Aaron
tanımıyorsun,you don't know
vermiştim,I gave
kullanmayı,to use
çıkacağım,I will go out
sayfa,page
ada,island
babasını,his father
amma,amma
bildiğiniz,you know
mickey,mickey
boya,paint
birisine,to someone
bilimsel,scientific
kaçmış,escaped
sırrı,secret
şov,show
verdiniz,you gave it
maruz,exposed
şiir,poem
durmadan,non-stop
cole,cole
bittiğini,that it is over
dar,narrow
eger,if
işinde,at work
konuştu,spoke
bekleyeceğim,I will wait
sok,shock
kahverengi,brown
bulana,to the one who finds
etkisiz,ineffective
gösterin,show
işiniz,Your job
siktiğimin,Fucking
zorundaydım,I had to
neredeler,where are they
kapandı,closed
aklı,mentally
zehirli,toxic
emma,emma
burun,nose
toplantısı,meeting
hakkın,your right
mıdır,is it
dediğine,what you say
olmana,to what
misafir,guest
keith,keith
av,hunting
yem,bait
olumlu,positive
denize,sea
gençler,youth
yolumdan,from my way
iyiyiz,we are good
girmeye,to enter
istemediğini,you don't want
çektim,I pulled
seçeneğim,My option
delikanlı,lad
hazırla,prepare
düşünür,thinker
eğil,dirty
bahset,mention
sağladı,provided
durumunu,status
bensiz,without me
yeah,yeah
kalanı,the rest
temizlik,cleaning
haklısınız,you are right
başardı,SUCCESSFUL
bitirelim,Let's finish
sağlar,provides
başkalarının,others
çatlak,crack
olabildiğince,as much as possible
ilham,inspiration
çağırın,Call
allison,allison
sayısı,number
elmas,diamond
kabus,nightmare
gücün,your power
raymond,raymond
anlamını,its meaning
veronica,veronica
nehir,river
logan,logan
düşünsene,imagine
amerika'da,in America
götürür,it takes
eti,flesh
ağrıyor,it hurts
büyücü,Wizard
söylediklerini,what you say
okudun,you read
çekiyorum,I'm pulling
yarına,for tomorrow
içimde,inside me
ikimizin,two of us
dakikaya,per minute
çıktığını,that
İleri,Forward
dennis,Dennis
değii,not
şahsen,personally
söylememi,not to say
dana,calf
inkar,denial
gitsem,If I go
sinyali,signal
ilişkisi,relationship
terfi,promotion
espri,humor
özleyeceğim,I will miss
yemekten,from meal
altını,gold
fikrimi,my idea
sonny,sonny
fotoğrafı,photo
jacob,jacob
hoşlanmıyorum,I do not like
şifre,password
katilin,Your murderer
arıyorlar,they are looking for
popüler,popular
otele,Hotel
işareti,sign
söylüyorsunuz,you say
willie,Willie
yasadışı,illegal
edersiniz,you will
avukatı,lawyer
düzine,dozen
adet,piece
kasabaya,to town
bunlarla,with them
görebiliyor,can see
idam,execution
aah,Aah
birbirlerini,each other
aradın,You called
kalırsa,if it remains
elindeki,in your hand
anlatacak,will tell
davası,case
elliot,Elliot
kutlu,blessed
etki,effect
man,Man
yardımın,your help
yakıt,fuel
yaşına,to age
çevir,translate
anlaşmayı,agreement
çarşamba,Wednesday
evlenme,marriage
seth,seth
yazmış,written
geçtim,I passed
nasılsa,somehow
kendilerine,themselves
kızının,Your daughter
çalışıyorsunuz,you work
önünden,in front of
kaçık,fantastic
çoğunu,most
kalmayı,to stay
gelmiştim,I came
kimliği,identity
derse,class
anlıyorsun,you understand
çıkardım,I took it out
karşınızda,here
ibaret,consistently
saçını,your hair
gitmesini,to go
harita,map
yatmak,to lie down
jennifer,Jennifer
jordan,jordan
satmak,to sell
yapmıyor,does not do
versin,give it
olmanız,you have
amerika'nın,America
oturma,sitting
doğruca,straight
duyduk,we heard
kesip,cutting
borçlu,debtor
bugünlerde,Nowadays
amiral,admiral
birimiz,one of us
blok,block
aralar,inhabitants
yanından,by the side of
dakikalığına,for minutes
odama,my room
tanıştığıma,I met
amerika'ya,To America
kalkın,get up
süren,inhabitant
elleri,hands
ibne,fagot
orman,forest
stanley,Stanley
giren,insertion
İngiltere,England
ağrı,pain
kızımın,my daughter
gözler,eyes
çılgınlık,frenzy
dostun,your friend
sessizce,quietly
başımıza,to us
sesin,Your voice
ödemek,pay
kurallara,To the rules
kaçıyor,escaping
geliyordu,was coming
dogru,TRUE
kıç,ass
kimyasal,chemical
dağ,mountain
hakaret,insult
gösterecek,will show
İşleri,Work
öleceksin,you will die
kaçın,avoid
charlotte,charlotte
almaz,uninterrupted
aklımdan,from my mind
arkadaşlarını,your friends
seviyoruz,we love
getiririm,I bring it
nadir,rare
çalıştın,you worked
martha,martha
brad,Brad
arabamı,my car
oğlunuz,Your son
endişeleniyorum,i'm worried
düzen,order
değiştirdim,I change it
bekleme,wait
öldürdüler,they killed
geçiş,transition
steven,Steven
içecek,drink
kalmasını,to stay
şunun,this
hoşçakalın,goodbye
bİr,One
çocuklarım,my children
almalıyım,I should buy
deniyorum,I am trying
sophie,Sophie
abi,brother
arkadaşına,to your friend
kilit,lock
randevum,my appointment
miydiniz,Were you
eşyaları,items
walt,Walt
oturmak,to sit
lideri,leader
ticaret,trade
gidemem,I can not go
almalıyız,we should take
örneği,example
demin,just now
kanal,channel
sağla,to provide
vermiyorsun,you don't give
devreye,to the circuit
ellerinizi,Your hands
ye,eat
yiyelim,let's eat
resimleri,pictures
harikasın,You are great
belası,scourge
las,las
tanesini,grain
kasa,till
diyeyim,let me say
binayı,the building
ailesini,family
kendimden,from myself
hakkını,right
eşit,equal
teyze,auntie
ian,ian
brooke,Brooke
yasa,law
göreceğim,I will see
nerelerdeydin,where were you
minnettar,grateful
olayını,event
yolladı,sent
penny,penny
attın,you threw
eşek,donkey
dönem,period
sebebini,the reason
bire,I'd like to send a message by e-mail
monica,Monica
dönüyoruz,we are returning
haklıydı,was right
oturan,sitting
beth,beth
dansı,dance
hayran,fan
dönmem,I don't return
bense,me
ülkeyi,the country
kuvvetli,powerful
başlama,start
masanın,your table
düşündü,thought
bulduğumuz,we found
benle,with me
birşeyi,something
borçlusun,you owe
haksızlık,injustice
baya,quite
ölümünden,from death
yapmasını,to do
yapabileceğin,you can do
ortalığı,attempt
babanız,your father
amanda,amanda
shane,shane
aptallık,stupidity
yapmıştım,I have done
soruyor,asks
abd,USA
çıkarıp,take off
gitmişti,He was gone
liste,list
yayın,broadcasting
joseph,Joseph
kuzeye,north
gelemem,I can not come
çantayı,the bag
ötürü,due to
düşen,falling
kalbimi,my heart
konuşurum,I talk
hapisten,from prison
kıyafet,clothes
başarı,success
bulacak,will find
memuru,officer
aslan,lion
töreni,ceremony
yürüyüşe,walking
bulabilir,can find
oradaydım,I was there
biçim,format
sayede,thanks to
bırakacak,will leave
defolun,Remove
jin,Jin
şüphesiz,no doubt
edilecek,to be
başladılar,they started
sayıda,numerical
yüzümden,from my face
matematik,maths
açıldı,opened
dışarda,out
onlarda,in them
kafan,your head
taşıyor,carrying
ethan,Ethan
verirsin,you give
lafı,word
imza,signature
belirsiz,uncertain   
istedikleri,what they want
dükkanı,shop
emniyet,safety
kata,kata
oynayalım,let's play
yapmana,to do
saatin,clock
sağlayan,providing
sizleri,you are
öldüğünde,When he dies
diyeceksin,you will say
casey,Casey
kardeşler,siblings
sorunlar,problems
gözlerimi,my eyes
rüyalar,dreams
çıkarken,when leaving
adamlarım,my men
kaya,rock
istiyorsa,if he wants
döndüğünde,When you return
ettiğiniz,you are
sokaklarda,on the streets
zahmet,bother
üzereyim,I'm about to
şeyini,your thing
jonathan,Jonathan
alması,receiving
öleceğiz,we will die
bulabiliriz,we can find
yaşındayım,I am old
söylediniz,you said
hücre,cell
mösyö,monsieur
görevin,your duty
direkt,direct
işle,work
müsait,free
görevlisi,officer
kımılda,in the world
yemeye,to eat
kraliyet,royal
yapardın,you would do
yapabilecek,can do
çelik,steel
kızarmış,fried
bilmez,unknown
kalkıp,up and get up
ölümden,after death
dönme,rotation
annesini,his mother
biziz,we are
şekli,shape
gönderdim,I sent
doları,dollars
tadına,to taste
yüze,face -to -face
istediklerini,what they want
kenny,Kenny
kurulu,installed
sun,Sun
tetiği,trigger
dilini,language of
şeyde,in what
şehirdeki,in the city
öğretti,taught
elma,apple
telefonun,Your phone
haksız,unfair
olabilirsiniz,You can be
kolu,branch
yaptığınızı,what you do
oynamayı,playing
muydunuz,Were you
konuşur,speaks
rüşvet,bribe
ağlama,cry
konuşuyoruz,we are talking
uzmanı,professional
doktorun,Your doctor
tanıklık,testimony
şart,condition
diyebilirsin,You can say
hesabı,account
king,king
ktir,Ktir
icat,invention
sokağa,to the street
böylesine,such
etmeyecek,will not
çabucak,quickly
bölgesi,region
zorlu,tough
düşündük,we thought
mutsuz,unhappy
okuma,read
bekar,single
ajanı,agent
olmadım,I was not
geciktim,I am late
mutfakta,in the kitchen
arkadaşız,WE ARE FRIENDS
giriyorum,i enter
şeref,honor
oyna,play
aklımı,my mind
baktı,he looked
paylaşmak,to share
inanabiliyor,can believe
diğerlerini,others
durumunda,in the case of
buradalar,here
arkadaşımın,my friend's
çaldın,you stole
ek,additional
İşimi,My job
sent,syntheet
mulder,Mulder
mutfak,kitchen
bn,bn
beyni,brain
hedefi,target
elaine,elaine
şahit,witness
saldırdı,attacked
gözlerim,my eyes
anlamıyla,literally
eninde,width
yolcu,traveller
michelle,michelle
diyeceğimi,I will say
kutusu,box
birincisi,first
anlarım,I understand
ölmesini,to die
şeklinde,shaped
gözüm,My eye
açıklaması,explanation
deneyeceğim,I will try
yiyor,eating
pam,pam
transfer,transfer
han,inn
cesedini,his body
arasından,through
çıktığında,when it comes out
buluşalım,let's meet
sonradan,later
teksas,Texas
tess,tess
başkasını,someone else
amına,pussy
çocuklarını,their children
craig,Craig
ameliyatı,surgery
kızlara,To girls
olmamalı,should not be
telsiz,radio
açma,opening
aradığını,what you are looking for
çaba,effort
delisin,You are crazy
seçti,choosed
olmayacağını,that
İçine,Into
bulursun,you find
arkanda,behind you
ölmedi,it did not die
kaplan,Tiger
gül,rose
büyüleyici,fascinating
gri,Grey
çıkabilir,can be released
saygısızlık,disrespect
geçirdik,we spent
gelmeni,you come
budala,fool
bulacaksın,you will find
tanımak,to recognise
ölürsün,you die
tartışma,argument
lincoln,Lincoln
dünyadan,from the world
şeytanın,Satan
almanı,buying
meksika,Mexican
önemlidir,important
ellie,Ellie
sabırlı,patient
fincan,cup
arkadaşımla,with my friend
basınç,pressure
salla,shaking
aleti,instrument
dikkate,in mind
sinemaya,to the cinema
üzerimden,from me
kaynak,source
pencere,window
göründüğü,it appears
masada,on the table
yazmak,to write
devletler,states
silahlarınızı,Your weapons
kaybolmuş,lost
ip,rope
dizi,soap opera
sammy,sammy
çekmeye,to draw
hayali,imaginary
atmaya,to throw
evinin,Your house
sevgilisi,lover
vermeyin,do not give
alanında,in the field
alamam,I can't get
olanların,what happened
kuralı,rule
bilmiyordu,He didn't know
bakire,virgin
konuştuğunu,that you speak
kay,kay
harris,Harris
yaptığımızı,what we did
olmasından,from being
ulaşmaya,to reach
ediliyor,is
uyumak,to sleep
istemiş,wanted
kriz,crisis
düşündüğümü,what I think
işti,it was work
karımın,my wife
seçeneğimiz,Our option
malzeme,material
kaldığını,that you stay
renkli,colourful
kendimize,ourselves
işimize,To our work
bulduğunu,that you found
sizsiniz,you are
duruyordu,it was standing
bakım,care
sırt,back
kazası,accident
çoğunlukla,mostly
sör,sir
âşık,in love
defalarca,repeatedly
iğne,needle
şuan,now
kullanıyorsun,you use it
evvel,before
vücudu,her body
silahla,with a gun
keyfini,pleasure
oynuyorsun,you play
jess,jess
kontrolden,out of control
elimizdeki,Our Hand
alamazsın,you can't get
dediniz,you said
savaştan,from the war
duyarım,I hear
sandy,Sandy
tersine,backwards
jules,Jules
gözle,eye -catching
öldükten,after death
birlik,unity
koltuk,armchair
bağ,bond
çalışması,work
hazırlayın,Prepare
solucan,worm
gittiğinde,when you go
hakları,rights
white,white
geçtiğini,that
